text,category
อาจเป็นเพราะเราเข้าใจกัน,positive
พอมาถึงช่วงนึง เขาก็มีคนอื่นเข้ามาเพราะไปเที่ยวผับนี่ละค่ะ,negative
แฟนเราบอกว่า ทำไมไม่ให้ตังใช้บ้างเลย,negative
เปรียบเราเป็นผู้หญิงที่สวยที่สุดสำหรับเขา,positive
ผมไปรุกหาคู่ชีวิตสร้างอนคตไปด้วยกัน,positive
เราไม่มีตัวตนในโซเชี่ยลของเค้าเลยค่ะ,negative
เราคุยกับผู้ชายคนหนึ่งอยู่แล้วทีนี้,positive
ใส่ใจเรื่องของผมไปหมดเลย จนผมเริ่มรู้สึกดีด้วย,positive
คุยกันเเล้วแต่เค้าไม่ยอมเรา,negative
เชื่อว่าทุกปัญหามีทางออก,positive
เค้าชอบพูดบ่อยๆว่าอยากมีแฟนใหม่ ขอมีเมียน้อยได้มั้ย,negative
เราอยากไปมีชีวิตของเรา ซึ่งไม่เกี่ยวข้องกับเค้าเลยไม่ว่าสถานะใดๆ,negative
ไม่ค่อยซีเรียสอะไรสักเท่าไหร่,positive
ใจเต้นแรง ไม่กล้ามองหน้าเลย,positive
แฟนไม่อยากให้เราไป,negative
ไม่ว่าจะเป็นรุ่นน้องหรือเพื่อนผู้หญิง หรือใครต่างๆเราแถบไม่มีการหึงหวงเลย,positive
พอจะอธิบายเขาก็ดูเหมือนจะไม่เชื่อเรา เหมือนคนคอยจะจับผิดเรา,negative
ผลัดกันเป็นผู้ฟังที่ดี ของเรื่องที่เจอมาในแต่ละวัน,positive
ยังเก็บไว้อย่างดี เห็นทีไรก็ยิ้มอย่างคิดถึงทุกครั้ง,positive
เราไม่ได้นอนร้องไห้อย่างเดียว,negative
คอยดูแลเป็นห่วงผม,positive
พอคุยกันวันละนิดหน่อย ก็เริ่มห่างกัน เมื่อวานเขาก็มาสารภาพว่า ช่วงที่เริ่มห่างกันเขาก็ไปคุยกับคนอื่น,negative
เรายังอยากเก็บความสัมพันธ์พี่น้อง,positive
ความรักดีเสมอแม้ว่าเธอไม่รักฉัน ยังยิ้มได้ทุกวันฝันละเมอเพ้อบ้าบอ,positive
เขาทำดีกับเรามาก พาไปเที่ยวทำนู่นทำนี่ด้วยกัน,positive
คำพูดเค้าคือรุนแรงสำหรับความรู้สึกเราไปหน่อยค่ะ,negative
เราต้องมีความสุขมากๆแน่ๆ,positive
คือเราไม่รํว่าจะหึงไปทำไม,positive
เหนื่อยก็เลิก เจ็บตอนนี้ดีกว่าฝืนและเจ็บไปมากกว่านี้,negative
จนมาเลิกกับแฟนซักพักนี่ล่ะ,negative
ผมว่าแฟนผมเปลี่ยนไปมากๆ อยากเช่น ไม่ค่อยมาหาผม,negative
วันต่อมาเลยทักบอกเขาว่า คิดถึงเขาทำไม,positive
เริ่มหาเรื่อง  แทนที่จะตอบตามที่ควรจะเป็น,negative
เราตกลงกันว่าจะอยุ่เป็นกำลังใจให้กันแบบนี้,positive
คิดว่ายังไง เค้าก็รักเราแบบเดิม,positive
หากสามีของเรา ไปรักผู้หญิงคนอื่น ควรทำอย่างไรดี,negative
เราให้โอกาสเขาแก้ตัวหลายครั้ง เพราะคิดว่าคนรักกันต้องให้โอกาสเขาแก้ไข แต่ก็ไม่ดีขึ้นเลย,negative
ไม่รู้เป็นเวรกรรมอะไร,negative
รู้สึกน้อยใจมากครับ ไม่สบายแบบหนักมากเหนื่อย,negative
ผมควรทำอย่างไรดีครับเมื่อเค้าเปลี่ยนไปเหมือนมีคนอื่น,negative
ควรกลับไปใช่ชีวิตคนเดียวให้ทีความสุข,positive
ตอนม.6 เค้าก็หายไป,negative
เขาไม่ชอบผม,negative
เมื่อก่อนตอนเป็นเด็กเรารักกันมาก,positive
เค้าก็จะเลือกเพื่อนเค้าเสมอ,positive
ครั้งนี้คือเราเลือกที่จะเลิกกับพ่อของลูก,negative
คำนี้ฟังแล้วเจ็บอยู่นะ,negative
คนรักกันต้องพากันเจริญ พากันมีความสุข,positive
ตอนนั้นจุกจนพูดไม่ออก,negative
ผมเลิกกับแฟนเก่ามา 2-3ปีแล้วไม่ได้ครบใครต่อเลย,negative
ชอบผู้หญิงด้วยกัน อยากเปิดใจมากๆๆ,positive
ต้องบอกก่อนว่าเราเป็นคนที่ไม่กล้าพูดไม่กล้าบอก ถ้าเราไม่พอใจอะไร,negative
ช่วงที่ยื้อเยื้อกันอยู่นี้เค้าก็เกิดอารมณ์ทางเพศกับเรา,negative
ยังไม่หายคิดถึงเลยซึ่งเราก็งง,positive
ไม่ใช่รักแรก แต่เธอคือรักแท้ที่ดีที่สุดที่ผมเคยเจอมา,positive
ต้องปิดบังข้อมูลส่วนตัวเยอะขนาดนั้นเลยเหรอคะ,negative
เราเป็นฝ่ายทักไปคุย ละเราก็คุยเกือบทุกวันเลย เขาทักบ้างเราทักบ้าง,positive
อยู่ด้วยกันแล้ว คบกันมานาน,positive
ยิ่งต้องเชื่อมั่นในตัวเองมากขึ้นเท่านั้น,positive
คุณภาพชีวิตมาจากคุณภาพความคิดของเราเอง,positive
เตรียมความพร้อมกับความสำเร็จที่จะมาถึงด้วย,positive
เขาไม่ได้บอกอะไรบางอย่างกับเรา,negative
อยากลืมนะคะ แต่คนมันชอบมากๆ,positive
เราฝันถึงเขาเกือบจะทุกคืน,positive
ได้ไปเที่ยว ได้เก็บความทรงจำดีๆด้วยกัน,positive
ใจมันเต้นแรงมาก,positive
พี่เขาก็บอกว่าความจริงแล้วเขาก็รู้สึกดีกับเรานะ,positive
ทุกคนว่าน่าน้อยใจมั้ยคะ?,negative
บางวันก็มีแอบร้องไห้,negative
รดน้ำให้กับความคิดที่สร้างประโยชน์ให้กับตนเอง,positive
เราคบกับแฟนมานานพอควร,positive
จนกลายเป็นลูกรักอีกคนของบ้านเราไปแล้ว เผลอๆ แม่รักเขามากกว่าเราอีก,positive
รักที่ดีที่สุดสำหรับเราคือรักในปัจจุบัน,positive
ใครจะมาเอาเราที่มีสถานะแบบนี้,negative
เค้าก็ทิ้งเราไปด้วยเหตุผลว่าเค้าไม่เหมือนเดิม,negative
แล้วพี่ชายหมอเหมือนแอบชอบเราเลยค่ะ,positive
ชีวิตหลังแต่งงาน จะรู้สึกอุ่นใจเมื่อกลับบ้าน,positive
ลังเลกับชีวิตคู่ตอนนี้มาก,negative
หลายคนมองหาความสุขจากสิ่งรอบตัว,positive
เรามีแฟนแล้วค่ะ เราตั้งสถานะกับแฟนเราตามปกติที่คู่รักทำกัน,positive
เรารู้สึกมันเสียเวลาอ่ะค่ะ,negative
ทำไมเราถึงลืมคนคุยเก่าไม่ได้สักที,negative
หนูก็ยังไม่กล้าถามพ่อกับแม่ค่ะ,negative
ผมว่าคนนี้แหละน่ารักที่สุดแล้วสำหรับผม จนแบบไม่อยากมีคนอื่นเลย,positive
เราเกือบบอกเลิกในหลายๆครั้ง,negative
รู้สึกไม่อยากขัดเวลาเค้าและด้วยความที่โตๆกันแล้วอ่ะค่ะ,negative
แต่บทสนทนาเริ่มไม่เหมือนเดิม รู้สึกว่าเขาทําตัวเหมือนห่าง,negative
ถ้าเป็นทุกคนจะทำยังไงคะเลิกกับเขารึเลิกเล่นเกม,negative
ได้คุยกันในความเป็นพี่น้องซึ่งเขาเป็นที่ปรึกษาที่ดี,positive
ที่เราดูๆเหมือนผู้หญิงก็ยังรักยังคิดถึงอยู่,positive
เค้าก็จะผิดนัดเราเสมอๆ,negative
เรื่องนั้นมันค่อนข้างสาหัสสำหรับเราเลย,negative
ปัจจุบันเค้าเลิกกันแล้วนะคะ,negative
เขาบอกเขาชอบคนอื่น เราก็มีเสียใจนิดๆแต่ก็เฉยๆอ่ะค่ะ,negative
เค้าทะเลาะกัน เลิกกันจริง,negative
ไม่เคยแอบชอบใครมานานแล้ว,negative
คุยกับเพื่อนเเต่เเทบจะไม่คุยกับเราเลย,negative
เราชอบคนที่อายุมากกว่า แต่ว่าลองทักมาคุยกันก่อนก็ได้ ขอคนจริงจังจริงใจ ปล่อยใจสบายๆนะ,positive
เราคิดว่าในช่วงเวลาที่เราไม่ได้อยู่ด้วย ไม่ได้ทำอะไรให้กัน,negative
สุดท้ายเค้าก็พบว่าเราไม่ใช่ขนาดนั้น,negative
เรื่องราวมีอยู่ว่าเราคบกับเเฟนได้ 3 ปี ค่ะ เเฟนนอกใจเราไป 2 ครั้ง,negative
เขาบอกเลิกกับแฟนไปนานแล้ว,negative
เราก็ตัดเพื่ิอนคนนี้ไม่ได้,positive
แล้วเราเองที่เป็นคนขอความสัมพันธ์ที่ไม่มีสถานะ,positive
เลิกติดต่อกับเขาไปหลายเดือนเลย,negative
ตอนที่คบกันก็มีเค้าเป็นเซฟโซน,positive
เลยไม่อยากไปจู้จี้เท่าไหร่,negative
คุยกันทั้งวันไม่เป็นทำอะไรเลย,positive
ทุกครั้งเราก็จะกลายเป็นคนง้อเค้า ร้องไห้ฟูมฟาย,negative
คบกับแฟนมา3ปี ผมไม่เคยแสดงความรักความเอาใจใส่ ห่วงใยแฟนเลย,negative
ยื้อเยื้อกันมาอีกสองปี,negative
ตอนนี้คิดว่ากำลังเจอ เพราะเรารู้สึกว่าเราไม่ต้องพยายามอะไรเพื่อเขาเลย มันรู้สึกมันพอดีกัน อบอุ่นหัวใจ,positive
ผมบอกว่าผมเปิดใจให้เพศทางเลือก,positive
เปลี่ยนไปในทางที่ดีขึ้นได้ เป็นผู้เป็นคนได้ก็เพราะเขา,positive
ทำอะไรก็จะบอกตลอด,positive
รู้สึกสบายใจเวลาคุยด้วย,positive
เขาไม่มีทั้งคำว่ารัก ไม่มีทั้งการกระทำที่บ่งบอกว่ารักเรา,negative
ไม่รู้จะเริ่มยังไง,negative
เขาคุยกับแฟนเก่าของเขาซึ่งแฟนเก่าของเขาเหมือนไม่อยากคุยด้วย,negative
คุณเคยอยากเจอคนที่ยังไม่รู้จัก แต่เห็นครั้งแรกก็ชอบ,positive
เราขึ้นมาบ้าน เค้ารีบออกมา,positive
แฟนไม่มีเวลาให้,negative
เรารักเขามากเลยค่ะเขาตรงสเป็คเราทุกอย่างเลย,positive
เก็บเงินไปลงทุนหรือสร้างความทรงจำดีๆให้ตัวเองดีกว่านะ,positive
เขาบอกมันมีอะไรหลายๆ อย่างที่ไม่ลงตัว,negative
เค้าก็บอกจะกลับมาคบกับเราเป็นแฟน,positive
ถ้าจะคบกันจะมีปัญหาอะไรไหมคะ,negative
ความคิดในหัวคือ เราทำอะไรผิดวะ,negative
คุยกันมีความสุขมากๆนะคะ,positive
ผมอยากมีแฟนที่แบบเปิดเผย แบบให้ครอบครัวเขารับรู้ว่าเราคบกัน,positive
เลิกกันไปเพราะเค้าทำผิดกับเรา,negative
ผมยังมองไม่ห็นเลยว่าเขาจะเปิดตัวผมกับครอบครัวเขาเมื่อไร ,negative
คืองี้นะคะแฟนเราห้ามเราทำในสิ่งที่เราชอบทุกอย่าง,negative
นางแอบรักเพื่อนคนนึงตั้งแต่มัธยมเป็นเพื่อนผู้ชายที่สนิทที่สุด แต่ผู้ชายคนนั้นดันชอบเพื่อนสนิทนางแต่เพื่อนสนิทนางไม่ได้ชอบ,negative
ไม่รู้เลยว่าความรักดีๆเป็นยังไง,negative
คิดถึงคนอื่นถือว่านอกใจ ,negative
แต่ตลอด7ปีที่คบกันแฟนมีเพื่อนเยอะ ชอบไปปาร์ตี้กันบ่อย พอเมาเราสองคนก็จะทะเลาะกัน,negative
มีความสุขที่สุด,positive
คุยลักษณะเชิงชู้สาว,negative
เขาย้ำให้เราเข้มแข็งและอยู่ต่อไป,positive
เลยตัดสินใจพอสักที,negative
ขอแค่รู้ว่ายังมีกันอยู่,positive
เพียงแต่เลือกโฟกัสเฉพาะด้านที่ดี,positive
เราตัดเขาไม่ขาดจริงๆค่ะ ถ้าเขาไม่มาง้อป่านนี้ก็คงทางใครทางมันไปเเล้ว,positive
ภาระเลยอยู่ที่เรา เราเหนื่อยมาก,negative
เราเห็นแล้วมันเจ็บปวดทรมานยังไงไม่รู้,negative
ยังเก็บรูปผู้หญิงคนนั้นเอาไว้เป็นรูปที่เขากอดกัน,positive
ทั้งเป็นทุกข์ และรู้สึกแย่มากๆ,negative
แต่เราก็ไม่เคยทำอีกแล้ว เขาก็ไม่ให้เราเล่นเลยค่ะ,negative
คุณนอไลฟ์สิบครั้งคุณโตโยก็มาทั้งสิบครั้ง มาครั้งละนานๆ,positive
มีพื้นฐานมาจากเพื่อนที่สนิทมากๆ  ,positive
ผ่านเรื่องเวลาแย่ๆมาด้วยกันเราจะเดินร่วมทางกันไป,positive
เราเลยงง ว่ามันอะไรกันแน่,negative
แต่พอคุยไปมันไม่ใช่,negative
เราเป็นคนไม่ชอบคำพูดคาจาแรงๆ,positive
สงสาร​ตัวเองโดนเขาทิ้ง,negative
การที่เราบริหารเงินล้มเหลวจะทำให้คุณต้องผิดหวังกับตัวเองอย่างมาก,negative
เค้าไปมีคนอื่น,negative
สักวันเดี๋ยวก็มีคนที่เรารักเขาเขาก็รักเราเข้ามาเอง,positive
เราคิดว่าที่เราสบายใจเวลาคุยกับเขาเพราะเราอาจจะชอบเขา,positive
จริงจังกับความรับผิดชอบ,positive
จะไม่สนใจกันเลยใช่ไหม,negative
เวลาเราเจอกันที่โรงเรียนจะไม่ค่อยคุยกันเลย,negative
เราโคตรดีใจ,positive
ผมก็ไม่เข้าใจเหมือนกันหรืออะไร,negative
ตกลงคบกับอีกคนนึงทันที,positive
เราก็เลิกคุยกับเค้า,negative
คุณนออยากจะเริ่มความสัมพันธ์ใหม่,positive
อยู่ด้วยกันทุกวัน ตัวติดกันตลอด,positive
เราก็อยากมีใครสักคนมาเติมเต็มในช่วงเวลา,positive
มีอีกหนึ่งประโยคที่ทำให้เราสั่นไปทั้งตัว,negative
ทำให้เรามีความสุข,positive
ตอนนี้เราทำใจได้แล้วนะคะ,positive
ใจนึงก็รักเค้ามาก,positive
ผู้หญิงที่โดนเเฟนคนแรกทิ้งเขาจะลืมเเฟนคนแรกได้ไหมครับ,negative
อยากแชร์ความรักที่ดีที่สุด,positive
ก็ได้ยินเสมอว่า บางคนอายุไม่สำคัญ,positive
บางวันเราเหนื่อยมากๆจากงานจากนู้นนี่นั้น ไม่อยากหาอะไรที่ทำให้บรรยากาศเสียเพราะทั้งเค้าทั้งเราก็เหนื่อย,negative
มีปัญหาอะไรเราแก้ให้หมด อยากได้อะไรก็หาซื้อให้,positive
ไม่คุยด้วย เขาจะวางสาย ไม่รับสายเราเลย,negative
เค้าบล็อคเฟสไอจีเราตั้งแต่เลิกกันจนตอนนี้ก็ยังไม่ปลดบล็อคค่ะ,negative
เราเองเเอบมั่นใจนิดๆเเล้วว่าพี่ชายเค้าก็ชอบเรา,positive
ตอนรู้เรื่องก็รู้สึกแอบไม่ไว้ใจเขา,negative
เรากับแฟนอยู่คนละที่,negative
ถ้าอยู่ด้วยกันแบบไม่เอาเรื่องบนเตียงมาเป็นปัจจัยในการใช้ชีวิตคู่ มันจะไปกันรอดไหม ทั้งที่อีกฝ่ายก็ยังมีความต้องการเรื่องบนเตียงอยู่,negative
หล่อเกินไปทำยังไงดีคะ,positive
หลังจากนั้นเค้าก็ไม่ได้มาง้ออะไร มีแต่เราที่ง้อเค้า,negative
เราเกิดคำถามในใจมาตลอดว่าทำไมยังลืมคนคุยเก่าไม่ได้,negative
ก็รักเขามากขึ้นทุกวัน,positive
แฟนก้อยอมทุกอย่างเพราะเค้ารักเรามาก,positive
ไม่รู้จะทำยังไงดี ตัดใจก็ตัดใจไม่ได้ซะด้วย,negative
ตอนนี้กลายเป็นว่าความเชื่อใจที่เราให้เขาพังไปหมดเลย,negative
เค้าไปหาเพื่อน ไปกับน้องชาย ไปกับพี่ชายเค้า ซึ่งนิสัยก็คือเจ้าชู้มากๆกันหมด,negative
ผ.ชคนนี้ก็ดีคะสนใจความรู้สึกคนอื่นมากเราเล่นเกมด้วยกันจนมีความรู้สึกที่มากไปกว่าเพื่อนร่วมเกม.,positive
ผมยังไม่ไปไหน ผมยังคิดถึงเเต่เขา,positive
เค้าทักเรามาบอกว่าคิดถึงเรา,positive
ยอมรับว่าโกรธ แต่ทำอะไรไม่ได้,negative
เขาส่งคำหวานมาเราก็เขิน แต่ไม่ออกอาการอะไรมาก,positive
เรียกง่ายๆคือเราหึงไม่เป็นเลยค่ะ,positive
ลูกเค้ากับหาเรื่อง ใส่ร้าย หาคำมาว่าเราสารพัด,negative
อีกใจนึงคือไม่ไหวกับการกระทำเค้าแล้ว,negative
ครั้งนึงในชีวิตของทุกคนคงมีความรักที่ดีที่สุดที่ไม่อาจจะลืมได้,positive
มักไม่ค่อยมีเวลาให้ค่อนข้างโฟกัสกับงานตลอด,negative
เราไม่อยากให้เค้าเสียใจกับเราอีก,negative
พอหลังๆทำไมผมกลับไปจุดเดิม,negative
พอมาตอนนี้เรารู้แล้วว่าเขาคือคนที่เราแอบชอบ,positive
แล้วสิ่งที่ไม่เคยคิดก็เกิด,negative
ทำอะไรไม่ถูก ไม่เป็นตัวของตัวเองเลย ไม่กล้าทำความรู้จัก,negative
ช่วงนี้ฝันถึงผู้หญิง​ ผู้หญิง​คนนี้คือเป็นเหมือน​รักครั้งแรก​ของผมตอนประถม​ แบบว่าฝันเสร็จ​ตื่นมาคิดถึง​เขาเฉย,positive
พอดีแนวคิด พื้นเพใกล้เคียงกัน เลยปรับตัวหากันได้ง่าย,positive
ช่วงประมาณ6เดือนแรกที่คบกัน รับได้นะคะ,positive
ช่วงนี้การไปมาหาสู่ก็ลำบากนะ,negative
และแล้วเค้าก็เปลี่ยนไป จนมีผู้หญิงใหม่อยู่ที่นู้น,negative
ในอนาคตเราสองคนก็คุยกันตลอดนะคะว่าอยากมีครอบครัว,positive
เพราะมีผญ คนอื่นเข้ามา,negative
เราก็รู้สึกว่าเค้าก็คงไม่ได้คิดอะไร,negative
ตอนนี้วันๆแทบไม่คุยกัน ผมก็หมดอารมณ์พิศวาสกับเค้านานแล้วด้วย แต่ประเด็นคือนิสัยของเค้าที่เปลี่ยนเป็นคนละขั้ว.,negative
เราจะถามเขาว่าทำไมไม่มีเวลาให้เลย เคยสนใจไหมที่ปล่อยให้อยู่คนเดียว,negative
สักวันหวังว่าเค้าจะแอดมา,positive
เขาก็มาบ่นว่าวันๆไม่ได้คุย เอาแต่เล่นเกมเอาแต่ดูหนัง,negative
ไม่อยากฟุ้งซ่านไม่อยากร้องไห้อีกแล้ว,negative
เริ่มเรื่อง  คุณนอปลื้มคุณโตโยมาก,positive
ไม่อยากรู้สึกเเบบนี้,negative
ผมกลับร้องไห้ เสียใจออกมาเลยล่ะครับ,negative
เชื่อมั่นในตัวเองไว้เสมอ,positive
ซึ่งหนูก็กลายเป็นคนที่ชอบห้ามเขาตั้งแต่นั้นมา,negative
ผ่านมาไม่นานเราก็ได้เลิกกับเเฟนค่ะ เพราะอึดอัดความสัมพันธ์เเบบนี้,negative
ถ้าเรื่องบนเตียงไปด้วยกันไม่ได้ คิดว่าชีวิตคู่จะไปกันรอดไหม,negative
รู้สึกว่าอะไรที่เค้าทำแล้วเราโอเค,positive
เรารู้สึกสบายใจเวลาที่คุยกับเขา,positive
ผมเลิกกับแฟนเก่ามาได้ปีนี้เข้าปีที่4แล้ว ระยะเวลาถ้าเป็นคนอื่นคงลืมไปแล้ว,negative
เรากับแฟนจะได้คุยหรือบอกรักกันก็ก่อนจะนอนนะ,positive
เค้าตื้อเรื่อยๆแล้วเราก็ใจอ่อน มาบ้านตามเคย,positive
คุณนอก็ไม่ได้ทักคุณโตโยไป5วันละ,negative
เสียงดังเอะอะโวยวาย เราที่เป็นแฟนจะไปเล่นด้วยก็ไม่ได้,negative
เราอยากไปเที่ยวกับเขา,positive
รู้สึกสบายใจเวลาอยู่กับพี่เขามากกว่า,positive
ไม่ได้รู้สึกรักชอบอะไรคุณหรอก,negative
เเฟนคุณ ไม่สนใจคุณ ไม่สนใจความรู้สึกคุณ ,negative
อัธยาศัยดี ไม่คิดมากค่ะ,positive
เราสองคนอยู่ใกล้กัน ที่ที่เคยไปก็มีเค้าพาไปทุกที่,positive
สาเหตุที่เลิกกันคือ เราจับได้ว่าเขามีคนอื่นค่ะ และครั้งนี้ไม่ใช่รอบแรก,negative
สนิทกันเล่นด้วยกันบ่อย,positive
เค้าจับได้ก็ยังอดทนกับเรา ให้อภัย,positive
ไม่รู้จะตอบเขายังไง,negative
โดนส่วนตัวแล้วเราเป็นตลก,positive
เค้าบอกมันเป็นความส่วนตัวของเค้า ไม่อยากให้เรามายุ่ง,negative
เราก็ทะเลาะกันบ่อย,negative
เพราะเชื่อใจมันพังไปแล้ว,negative
ยิ่งตกอยู่ในภาวะที่สิ้นหวังมาก,negative
แอบไปไหนมาไหนก็เดินห่างๆ,negative
ถามว่ารักมั้ย คิดถึงมั้ย ตอบเลยมากๆ,positive
เราพูดกับเขาเรื่องนี้หลายครั้งแล้ว แต่เขากับบอกว่าเราหาเรื่องมาให้ทะเลาะกันอีกแล้ว,negative
เราเป็นพวกที่ชอบคิดมากด้วยค่ะ,negative
จนตอนนี้มีคนที่คุยๆกันอยู่ก็เหมือนจะโดนเทอีกแล้ว,negative
เราเองยอมรับว่ายังรักเขาอยู่ คิดถึงเขาอยู่,positive
แต่ตัวเค้าบอกกับเราว่าไว้ใจเค้าได้ แต่ก็ยังไม่ค่อยไว้ใจอยู่ดี เลยไม่ค่อยปล่อยให้เค้าไปไหนคนเดียวเลย,negative
เริ่มแรกเราโครตเสียใจเลยป่นกับความน้อยใจเลยแหละ,negative
ทำอย่างไรให้ได้คุยกันอีกควรทักคุณโตโยไปดีมั้ย,positive
แต่เราไม่กล้ามองกลับตรงๆ ใจมันเต้น,positive
บางทีก็ส่งคำหวานมา,positive
เค้าก็ชมเราตลอดนะคะว่าน่ารัก หน้าก็สวย หุ่นก็ดี เสียงก็น่ารัก,positive
รักดีดีที่หลายคนเฝ้าค้นหา อยากรู้ว่ารักดีดีมีจริงไหม,positive
ผู้ชายเขาไม่ได้คิดถึงอนาคตแบบเรา,negative
เราเป็นคนไม่ได้เก่งขนาดนั้นค่ะ,negative
สิ่งเล็ก ๆ น้อย ๆ เหล่านั้นมันทำให้เราค่อย ๆ รักเขาค่ะ,positive
ในใจแบบทำไมแค่นี้ถึงมาดูแลกันไม่ได้,negative
เค้าเคยนอกใจไปคุยกับคนอื่น แต่ผมจับได้เร็ว แต่เค้าก็โกหกจนวินาทีสุดท้าย ไม่ยอมรับเลย,negative
ในที่ทำงานก็ไม่ได้คุย,negative
คนนี้เจอครั้งแรก สเปกมาก ตาตี้ ผิวคล้ำ อบอุ่น,positive
ในทางกลับกันเราก็ทรมาน,negative
เราเป็นเพื่อนเล่นเกมกัน,positive
เรากำลังตัดสินในว่าจะคุยตรงๆไปเลยว่าควรหายกันไปได้เเล้ว,negative
รักที่ไม่เคยลืม,positive
พี่เขาก็นิสัยดีมากๆ เข้าใจเรา,positive
คือเราอึดอัดมาก เบื่อ,negative
เราเห็นเลยว่าทุกครั้งที่เราจะมองเขาละพอหันไปก็เจอเขามองเราอยู่แล้ว,positive
เค้าทำอะไรที่พูดไม่ได้เลย,negative
ไม่ว่าจะยังไงยังอยากมีเขาอยุ่,positive
ผมมักจะยิ้มออกมาเสมอ จนแม่ถามว่ายิ้มอะไร,positive
ตอนแรกเขาชอบเราค่ะ,positive
ยอมเป็นพ่อหม้ายลูกติดเพราะรักลูกมาก,positive
ช่วยดูแลกัน เราอยากเปิดใจมากๆเลย,positive
บอกว่ารักแรกพบเลยก็ได้นะ,positive
เค้าบอกกับเราว่ารักเรา,positive
เราเปิดใจคุยกับเขาหลายครั้ง,positive
ลองใหม่อีกครั้ง,positive
แฟนเราทำให้เรารู้สึกว่าเราเป็นผู้หญิงโชคดีที่สุดในโลก,positive
เคยเปิดใจคุยกับเขาแล้วนะคะ,positive
อยากให้มันเป็นเหมือนเดิมอยากให้เรารักกันแต่ต่างฝ่ายต่างเข้าใจกัน,positive
ยังวนเวียนอยู่กับเรื่องแฟนเก่า  อ่านกระทู้แต่เรื่องแฟนเก่า,negative
ผมเพ้อถึงเธอว่า ไปทำนู่นทำนี่ด้วยกัน,positive
ไม่ตกหลุมรักใครซะนาน,negative
พอมันไม่ใช่อย่างที่เขาคิด เราก็เลยมีปัญหากันค่ะ,negative
ระหว่างนั้นเพื่อนคนนี้ก้อเข้ามามีความสัมพันธ์ที่ลึกซึ้ง,positive
"เราบอกเลิกเค้า แต่เค้าไม่ยอมรับความจริง, ไม่ยอมลบรูปคู่อะไรออกเลย",negative
คิดถึงเขาเหลือ​เกิน,positive
ยังหวังว่าสักวันนึงเราสองคนจะได้กลับมาอยู่ด้วยกัน,positive
เราไม่สบายใจ เค้าบอกเราชอบชวนทะเลาะเรื่องนี้,negative
สิ่งที่แฟนเราเตือนอาจจะเป็นเรื่องหวังดี,positive
จนสุดท้ายเราตัดสินใจที่จะยอมคุยกับเขาดู,positive
หากคุณควบคุมความคิดตัวเองไม่ได้แล้ว แสดงว่าคุณจะควบคุมการกระทำและคำพูดไม่ได้เช่นกัน,negative
รักจริงใจรักแน่แท้ที่มองหา มีความรักมอบให้เราเสมอมา ทุกเวลาไม่เคยรักเราน้อยลง,positive
คือเรารู้สึกว่าแฟนเราหล่อมากๆๆ,positive
จะไปหาเพื่อนบ่อยมากๆ,positive
ผมก็ไม่อยากคุยนานเพราะผมไม่ชอบ แล้วผมก็ปฏิเสธไปแล้ว,negative
เรายอมเสียสละให้แฟนเรามากๆ,positive
ไม่ใช่ไม่มีคนมอง มีครับแต่ไม่เปิดใจ แค่นั้นเองเบื่อครับ,negative
ห้ามไปไหนกะเพื่อน ห้ามไปเลย,negative
เพื่อนของเราทำให้เราได้คุยกับเขา,positive
ก็ปล่อยไปเถอะ ค่อยหาที่ใหม่,positive
ฮือคือเราคาใจมากค่ะ,negative
จนเราชวนทะเลาะบ่อยครั้งเพราะเรื่องพวกนี้เรื่องเดิมๆ,negative
ก็คุยกันจริงๆสองปี,positive
แล้วเราก็สังเกตุว่าพี่ชายหมอ พยายามจะเข้ามาคุยกับเรา,positive
คนคิดบวกเขาจะมองแต่ข้อดีของทุกปัญหา,positive
ผมเป็นคนขี้อายมาก,negative
เขาทำร้ายจิตใจเราไปมีคนใหม่ตั้งแต่มีเรา  ,negative
ทุกอย่างมันก็โอเคมาตลอดจนเราโดนนอกใจ,negative
เค้าเข้ามาคุยกับเรา ใจเราเต้นเลยค่ะ อบอุ่นมาก,positive
ความคิดเราสามารถกำหนดชีวิตของคนได้,positive
มีเรื่องราว ที่เอามาใช้เป็นข้อคิด เตือนใจตนได้,positive
แรกๆก็คิดว่าเขาคงอายเพราะเขาเป็นคนขี้อายมากๆ,negative
เขาเป็นคนเฮฮา ร่าเริง ยิ้มเก่ง เวลาคุยด้วยเราสนุก,positive
มันเป็นช่วงที่เป็นความรักแล้ว,positive
แฟนก็บอกว่าเลิกกันไปเลย เบื่อเต็มทีแล้ว,negative
รู้สึกเหมือนตัวเองต่ำต้อย ไม่คู่ควรกับใครเลยค่ะ,negative
ก็เจอหน้ากันตลอด เพราะพี่เขาทำงานอยู่ที่เดียวกับเรา,positive
เลิกเรียนก็ชอบมารอรับ ชอบซื้อของมาให้,positive
เมื่อก่อนแฟนดูแลดีมาก ทั้งดูแลทั้งเปย์ ต่างๆนาๆ,positive
ทุกวันนี้ก็ยังชอบผู้ชายอยู่ แต่ข้างในหัวใจ,positive
ตอนนี้เราเป็นคนใจชาไปแล้วอ่ะค่ะบอบช้ำจนใจชา,negative
ทำเหมือนเราเป็นคนผิดอยู่ตลอด เราพูดอะไรแฟนจะบอกว่าเราหาเรื่องทะเลาะกัน,negative
เราก็ไม่ได้คุยกันอีก,negative
ทำให้เค้าไม่สามารถกลับมาหาเราได้แบบแต่ก่อน,negative
ผมก็ยังรอให้เค้าทักผมกลับมาเหมือนกัน,positive
เราด่าทุกวันๆ จนเค้าเลยตัดสินใจไป,negative
เค้าอยากจะทำอะไรก็ทำ,positive
ชอบใครน่าจะไปเช็คดูก่อนว่าเขามีแฟนยัง จะได้ไม่ต้องมาเจ็บแบบนี้,negative
อยากรู้ครับว่าทำไมถึงคิดถึงคนที่ไม่รู้จักกัน,positive
ไม่เคยคิดว่าเค้าจะเบื่อเราได้ขนาดนี้,negative
คนถูกบอกเลิกเสียใจกว่าคนพูด,negative
ถ้ามียอมรับได้ก็มาคุยกันนะครับ,positive
ถ้าเราไม่มีความเสน่หา และไม่มีความรู้สึกเรื่องบนเตียงกับอีกฝ่ายแล้ว แสดงว่าเราหมดรักเขาแล้วหรือเปล่า,negative
เราก็รักเขามากๆจนตอนนี้ก็ยังไม่ลืมเลย,positive
เรายังทำใจไม่ได้เลย แค่คิดมันก็ร้องไห้แล้ว,negative
มันก็แค่เจอกันแค่แปปๆเดี๋ยวเขาต้องรีบกลับบ้าน อยู่กับผมได้แค่1-2ชั่วโมง,negative
คอยคิด ช่วยตัดสินใจ คอยเป็นกำลังใจให้กัน,positive
เราทำอะไรให้โกรธเหรอ หรือเพราะเราไม่คุยกันเวลาที่อยู่โรงเรียน,negative
ความสุขของผู้ที่คิดบวก จะไม่มีวันหายไปแน่นอน,positive
เราจะรับได้ทุกเรื่อง ขอแค่อย่าหายไปไหน,positive
คำพูดสักคำให้เราได้หายเหนื่อย ให้เราได้นอนหลับฝันดี,positive
ตกหลุมรักพี่ผู้หญิงคนนึงอายุ32,positive
ไปชอบผู้ชายหล่อๆคนหนึ่ง,positive
ขึ้นสเตตัสหวานปกติ,positive
เรามีความสัมพันธ์ ที่ไม่รุ้จะไปต่อหรือพอแค่นี้ดี,negative
เราเป็นคนไม่ค่อยซีเรียส,positive
เราพยายามบอกให้เค้าเลิก,negative
ผมเริ่มมีอาการน้อยใจ,negative
การมองโลกในแง่ร้าย มันไม่เคยสร้างอะไรให้ดีขึ้น,negative
เราแอบชอบคนคนนึง ซึ่งก็ฟอลกันอยู่ในไอจี เค้าดูสตอรี่เราค่อนข้างเร็ว แต่ก็ไม่เคยรีพลาย ซึ่งเราเคยรีพลายเค้าไปรอบนึง เค้าก็ตอบกลับมายาวนะคะ,positive
เป็นความรักที่ดี และเฟอร์เฟค ในแง่ที่ว่า จะสอนใจตน,positive
เราพยายามหาใครมาแทนที่เค้า,negative
บางทีเราเป็นห่วงแฟนเวลาขับรถ แต่แฟนไม่เข้าใจเลยทะเลาะกันตลอด ทะเลาะเรื่องนี้บ่อยสุดตั้งแต่คบกันมา,negative
เลยควรทำอย่างไรถึงจะตัดใจจากคนที่แอบชอบได้??,negative
จนเข้าปีที่ 3 ที่คบกัน เค้าเปลี่ยน ไม่โทรหาไม่แคร์ ไม่สนใจผม ชอบไปเที่ยวกับใครก็ไม่รู้,negative
พอเรื่องเล็กๆมันเกิดขึ้นซ้ำๆมันก็บั่นทอนหัวใจเหมือนกัน,negative
ขอบคุณทีเข้ามาในชีวิตเค้า เค้ามีความสุขมาก ไม่ว่าจะยังไง เค้าจะจับมือเตงจนกว่าเตงจะเป็นฝ่ายปล่อยมือเค้าเอง,positive
เขาเป็นคนเดียว เป็นคนนั้นที่อยู่กับเราเสมอ,positive
คุยกันดีๆไม่ได้ ต้องมีเรื่องให้ทะเลาะกันตลอด,negative
เรามีรุ่นพี่ที่เราชอบ,positive
เขาชอบทำให้เขินบางทีบางทีก็เรียกที่รักบ้างไรบ้าง,positive
เรากับแฟนคบกันมา 6 ปี แต่มีเรื่องให้ทะเลาะถึงขั้นบอกเลิกกันไป,negative
รู้สึกตัวว่า ไม่ได้มีเธออยู่,negative
เราไม่สามารถพูดถึงอีกเพศกับเพื่อนเราไม่ได้หรอ,negative
พอวันนึงเราโสดก็เลยได้คุยๆกับเค้า,positive
ถ้าเกิดเขายังรอเเละรัก มันก็คงเป็นการดีสำหรับเขา,positive
ตกหลุมรักคุณโคโยตี้แต่ครั้งแรกที่ได้เห็น,positive
มองไปข้างหน้าหาคนที่เค้ารักคุณจริงๆดีกว่า,positive
ทุกความดี ที่เคยทำด้วยกัน ก็ยังจำได้อยู่,positive
แต่ก่อนเราเลิกคุยกันไปหลายรอบมากแต่ตัดกันไม่ขาดสักที,negative
นั่นแหละค่ะเป็นผ.ชที่อบอุ่นอ่ะ ใส่ใจ นิสัยดี ขยัน ให้เกียรติผู้หญิง,positive
คบกับแฟนมาหนึ่งปีแต่แฟนแทบจะไม่โทรหาเลย,negative
มันจะมีสักวันที่ไม่ว่าคุณหรือเค้าจะเบื่อก่อน แล้วความสัมพันธ์นี้จะจบลง,negative
เอาที่ทั้งเค้าทั้งเราโอเค,positive
มันก็ยังออกมาได้น้อยอ่ะค่ะ,negative
แล้วอีกอย่าง เราอยากไปมานานแล้วแต่ไม่ได้ไปสักที,negative
ชีวิตมัธยมไม่เคยมีเพื่อนผู้ชายเลย,negative
กลางคืนผมนอนไม่หลับทั้งคืน คิดว่า ทำยังไงถึงได้รู้จักมากกว่านี้นะ,negative
มันจะสร้างกำลังใจให้ตัวเอง,positive
มันเหมือนพูดลอยๆ มันเหมือนคำว่ารักมันไม่มีค่า,negative
ถ้ารักตัวเองเป็น พลังความรักของเรามันจะส่งแผ่กระจายไปยังคนรอบข้างเราได้เองโดยอัตโนมัติ,positive
ขัดแย้งกับบุคลิกเราค่ะ นานๆเข้าก็ตัดสินใจเลิกดีกว่า,positive
ภรรยาไม่สนใจแต่งตัวสวยเล่นไปวันๆ,negative
เค้าก็ตามง้อเรามาตลอด,positive
เราไม่ได้รักเค้าแล้ว,negative
เค้าก็บังคับเรามากขึ้น,negative
เราเองที่ขาดเพื่อนคนนั้นไม่ได้,negative
ผมอยากอ่านความรักที่ดีที่สุดของทุกคนครับ,positive
จากนั้นก็มีเพื่อนเริ่มมาดูแลเทคแคร์ผมจากนั้นเค้าก็ไปส่งผม,positive
ตอนนี้ความรู้สึกมันห่างอยู่แล้วยิ่งห่างกัน ยังไงก็เลิก,negative
เรามีเพื่อนคนนึงคุยกันมาตลอด,positive
บางทีปีนึงก็ไม่ได้กินเลย,negative
สำหรับผมที่มีสถานะสภาพความเป็นอยู่ การใช้ชีวิตแบบนี้นะเหรอ มันจะมีคนที่จะรับเราได้เหรอ,negative
เราบอกเค้าว่าช่วงนี้เราทำอะไรพลาดบ่อยงงๆเอ๋อๆไม่ค่อยเข้าใจเลย,negative
เราก็ไม่ได้คบกับเขาเพราะตอนนั้นกลัวพ่อไม่ให้มีแฟน,negative
เค้าโอเคก็ได้หมด,positive
ไม่อยากนึกถึงคิดถึงเขาแล้วจริงๆค่ะ,negative
ปกติคุณโตโยก็มาดู คุณนอบ่อยมาก,positive
เราเคยคบกันมานาน,positive
เป็นยังงี้มาได้6เดือนแล้ว บางทีเราไม่อยากทนแล้ว,negative
รีบถอยออกมาจากคนที่จะทำให้โลกของคุณหดหู่ ก่อนที่มันจะช้าเกินไป,negative
ไปไหนมาไหนด้วยกัน เจอเพื่อนเค้า,positive
แฟนไม่เคยบอกรักเราเลย,negative
ปัจจุบันจึงคิดว่าที่มีอยู่ มันดีที่สุดแล้ว,positive
เราเคยคุยกันก่อนหน้านี้แล้วว่า เราจะเป้นเพื่อนที่ดีต่อกัน,positive
ทุกๆครั้งที่เราน้อยใจอะไรเราก็จะพยายามบอกเค้า,negative
แล้วเขากลับมาง้อขอคืนดี,positive
สุดท้ายก็เบื่อกัน รู้งี้ ขออยู่เป็นโสดซะยังจะดีกว่า,negative
งานไม่มั่นคง และงานก็หายไปหมด,negative
คบกับแฟนมา 5 จะ 6 เดือนแล้ว แต่รู้สึกว่าเราไม่ค่อยได้คุยกันเลย ู้สึกห่างเหินกันมาก,positive
ทุกคนเชื่อเรื่องเทพบุตรไหมคะ?,positive
พอได้เจอ ได้กอดเราก็อยากเก็บเขาเอาไว้ด้วยตลอด,positive
สุดท้ายเราเลยคบกับเขา,positive
ผมมีเเฟนคนหนึ่ง เธอเป็นผู้หญิงตัวเล็ก น่ารัก หุ่นดี,positive
แฟนเก่าพยายามติดต่อหาเรา มาขอคืนดี,positive
สำหรับเราแล้วไม่มีคำว่าขอโอกาสค่ะ เพราะเราเชื่อว่าถ้ามีครั้งแรกครั้งต่อไปก็มีแน่,negative
ไม่อยากแสดงให้คนอื่นๆรู้ว่ามีคุณเป็นแฟน,negative
ผมแอบชอบเพื่อนคนนึงมา1-2ปีแล้วครับ,positive
เราควรจัดการกับความรู้สึกแบบนี้ยังไงดีคะ,negative
ที่ผ่านมาเราดีกับแฟนมาก ไม่เคยทำให้เสียใจเลย,positive
ถ้าเขารู้สึกว่าคุณใช่เขาจะเปิดใจให้คุณเอง,positive
เหมือนเราทั้งคู่อยู่กันคนละโลก,negative
วันนี้เค้าเอาหน้ามาใกล้เราด้วย,positive
แฟนเราก็ไม่ค่อยว่างมี่จะคุยกับเรา,negative
เค้าอยู่บ้านเพื่อน ให้มารับก็ผิดเวลา,negative
ด้วยความระแวงที่เราเคยคุยกะคนอื่น,negative
วันนี้เราก็เห็นเค้าแอบมองเรา,positive
เราพยายามง้อสุดๆ,positive
ขอระบายหน่อยไม่รู้จะทำยังไงเเล้ว,negative
ก็ได้เเอดลายกัน เเล้วก็เริ่มจีบหนักเรื่อยๆ,positive
ผมรู้สึกน้อยใจแฟนมาก และเหมือนเค้ากำลังมีคนอื่น แต่ก็ไม่เลิกกับผม,negative
โคตรมีความสุข,positive
เค้าก็ไม่ได้อยู่กะเรานะ,negative
เค้าบอกเลิกผู้หญิงตลอด,negative
อยากจะรู้ว่าเราทำอะไรผิดหรอคะ,negative
หย่าร้างกับภรรยา,negative
เราก็ยังชอบเขาอยู่ค่ะ อยากจีบแต่ทำไงได้,positive
ผมนี่แทบจะไม่มีตัวตน ,negative
พอเขาบอกชอบเรา เราก็รู้สึกอึดอัดมากๆ,negative
คุณนอเริ่มชอบคุณโตโยมากยิ่งขึ้น,positive
คนคิดบวกเขากลับสร้างความสุขจากภายในตัวเอง,positive
จนมาวันนึงเพื่อนสนิทคนนี้เลิกกับแฟน,negative
ตอนนี้ต่างคนต่างอยู่ แต่นางชอบแขวะ,negative
เราอ่ะอยากเป็นผัวเค้า,positive
ผมเลยรู้สึกผิด ผมควรบอกเลิกเค้าดีไหม,negative
สร้างความสุขจากภายใน,positive
บางครั้งมีความคิดขึ้นมาในหัวว่า ชีวิตจะเป็นยังไงต่อ,negative
ระยะทางไกลขึ้น ความเข้าใจก็น้อยลง,negative
เขาก็ยังอยู่ข้าง ๆ แค่จับมือเราไว้และบอกกับเราว่า ไม่เป็นไร เก่งแล้ว,positive
มองเห็นแต่ความทุกข์จากปัญหาที่มี,negative
พอมาบ้าน เค้าก็แอบคุยนะ,negative
ส่องเฟสเค้าทุกวัน แต่ไม่กล้าแอด,positive
เราร้องไห้จะเป็นจะตาย,negative
ได้แต่โทษตัวเองว่าทำไมยอมให้เค้ากลับมาทำร้ายจิตใจกันง่ายๆ,negative
ชาไปหมดเลย,negative
คำพูดแย่ๆของอดีตคนเคยรักที่ความประพฤติเขาก็แย่,negative
เขาได้พูดกับเรามาว่า ถ้าต้องให้เลิกยุ่งกับพวกนั้น เลิกกับเราง่ายกว่า,negative
เหล้ามีบ้างแต่น้อยมาก,positive
ใช้ความสบายใจเป็นหลัก,positive
จู่ๆวันหนึ่ง เค้าก็ทักมาจนได้,positive
ไม่มีความรับผิดชอบ,negative
ช่วยให้ไม่ต้องคิดลบกับรูปร่างของตัวเองด้วย,positive
แฟนเราเป็นคนมีเหตุผลมากถึงมากที่สุด,positive
มันเป็นสิ่งที่บอกว่าเรากำลังเรียนรู้ การเลือกหนทางเดินที่ถูกต้อง,positive
เค้าชอบเรามั๊ยน้อ แบบนี้ รึคิดไปเองคนเดียว,positive
แต่เราอดคิดมากไม่ได้ เหมือนปิดบังอะไรอยู่,negative
รู้จักกอดตัวเองบ้าง เราจะมีกำลังใจขึ้นเยอะเลย,positive
เราบอกเราให้,positive
เรายังดีไม่พอ,negative
จะทะเลาะประสาทเสียทุกรอบ,negative
เราลืมเขาไม่ได้เลย เลิกกันเกือบปีแล้ว,negative
จนวันแล้ววันเล่า ผมก็ยังไม่ลืมเธอ,positive
เรากับแฟนเราไม่ได้อยู่ด้วยกันนะ,negative
ส่วนเรื่องหึงเราแถบจะไม่มีเลยค่ะ,positive
เมื่อกี้แยกย้ายกันไปนอนบอกฝันดีกัน,positive
รักจนวางแผนกันไว้ว่าจะแต่งงานกัน,positive
เข้ากับคนง่าย,positive
ตอนนี้มองหน้ากันไม่ติดค่ะ เขาด่าเราไว้แรงมาก,negative
อยากสร้างชีวิตคู่ไปพร้อมๆกัน,positive
ต่างคนต่างทำงานกันจะไม่ค่อยมีเวลาคุยกัน,negative
รู้สึกซึมๆ ทั้งที่ปากเราบอกว่าไม่ได้ชอบ,negative
เเฟนเราทำงานโรงงาน เเฟนเราเป็นคนเริ่มด้วยค่ะทั้งสองคนเลย พอเราจับได้ เราเลิกกันไป 3 วัน,negative
เครียดมากเลยค่ะ,negative
เค้าเลยบอกว่าเราเป็นแค่คนชั่วคราวเท่านั้นหรือแบบแฟนชั่วคราว,negative
แต่เจอพฤติกรรมแบบนี้ผมก็เหนื่อย อะไรนิดหน่อยก็โกรธ งอน ชวนทะเลาะ. แถมให้ความสำคัญผมเป็นอันดับสุดท้าย,negative
หนูก็ยังกังวลอยู่,negative
เราเจอกันบ่อยจนเวลาผ่านไป 1 ปี ผมก็เริ่มรู้สึกชอบน้องเขา อยากจะรู้จักน้องจริงๆ,positive
มันมีไม่กี่คนหรอกที่ยังอยู่กับเราในทุกช่วงเวลา,positive
เรากลับมาคบกับเขาเพราะเขาสัญญาเเล้วว่าจะไม่ทำอีก,positive
ในตอนนี้เรายังออกจากจุดนี้ยังไม่ได้สักที,negative
แฟนนอกใจ,negative
เราต้องเดินออกมา แล้วไม่ติดต่อไปอีกเลย,negative
แฟนใหม่ดีมากๆเลย,positive
ผมอายเวลาแสดงความรักกับแฟน,positive
นอกจากหล่อแล้วยังนิสัยดีมากๆอีก,positive
คนคุยเก่าเขาแทบไม่ดีเลย,negative
แล้วนิสัยก็แบบเดิม,negative
ผมได้แต่นั่งนอนเสียใจ ทำไมผมเป็นคนขี้ขลาดขนาดนี้,negative
เริ่มคุยกันแบบเหมือนกับคนคุยแล้ว,positive
เรายังไม่มั่นใจว่าเค้าได้โกหกอะไรเราไหม,negative
เรากับแฟนค่อนข้างคุยกันเรื่องนี้เพราะสนิทกันมากค่ะ,positive
เราแอบอมยิ้มใต้แมสเลย,positive
ตอนนั้นไม่เข้าใจตัวเองมากๆว่าเราคิดกับเขายังไง,negative
มีคนมาจีบเรานะ แอบคุยบ้าง,positive
มีโอกาสหรือว่ามีสิทธิมั้ยคะ ถ้าเค้าเมามากๆ แล้วพากันไปไหนต่อไหนต่อ รึว่าไปต่อที่อื่น เค้าจะไปมีอะไรกับใครที่ไหนมั้ยคะ,negative
ได้คุยกันแบบความสัมพันธ์แบบพี่น้อง,positive
ออกไปทำในสิ่งที่ตัวเองชอบบ้างก็ดี,positive
ไม่มีทางชอบเค้า,negative
อาจจะเป็นเพราะนิสัยที่สบายๆของเรา,positive
นี่คืออาการหลงรักเราแล้วใช่ไหม,positive
รู้สึกผิดหวัง,negative
ที่คุยๆกันถ้าไม่นับเรื่องนี้รู้สึกโอเคกับเขามากๆ,positive
มันอยู่ด้วยความระแวงทุกวัน,negative
เรากลับเริ่มต้น​ใหม่​กับ​ใคร​ไม่​ได้,negative
ประโยคนี้น้ำตัวร่วงเลยค่ะ,negative
แฟนเป็นคนหน้าตาดี ส่วนเราเป็นผู้หญิงหน้าตาธรรมดาๆ แต่แฟนก็รักเรามากและดูแลอย่างดี,positive
ชอบน้องคนนึงอยู่ที่ทำงานแต่ตอนนั้นมีแฟนเราก็เลยไม่ได้อะไร,negative
หักหลังไม่พอ ต้องมาทรมานกับอดีตที่ฝังใจอีก,negative
เวลาคุยกับเราตะคอกด่าว่าเราสาระพัด,negative
หรือแฟนเราจะเป็นเทวดาปลอมตัวมาคะ,positive
บางทีเจ็บเอง เศร้าเองคนเดียว,negative
เรากับเค้าอยู่ไกลกันมาก ปีนึงเจอกันนับครั้งได้,negative
เขาก็ไม่เข้าใจ ก็จะให้ไปให้ได้,negative
ผมคุยกับผญ.คนนึงมาประมาณ3เดือนรู้จักผ่านเพื่อนของเพื่อน,positive
ให้เวลาเราตามที่เราต้องการ,positive
ยังคิดถึง นึกถึงตลอดเวลา,positive
เค้าปรับปรุงตัวเองให้ดีขึ้น,positive
เห็นอีกฝ่ายเริ่มไม่พอใจ ,negative
ผมก็รู้สึกว่าเขาน่ารักมากสำหรับผม,positive
ค่อนข้างจะเป็นที่รักชอบเพื่อนฝูง,positive
เวลาคบใครก็ระเเวงไปหมดกลัวเขาจะเเอบคุยกับใคร สุดท้ายเเล้วก็เกิดขึ้นกับคนปัจจุบัน,negative
คุณนอก็คิดไปเองเก่ง คิดว่าคุณโตโยชอบอะไรงี้,positive
ตอนนี้เราทั้งรัก,positive
รุ้ใจกันจนสามารถคุยได้ทุกเรื่อง,positive
ลืมแฟนเก่าไม่ได้,negative
มีเพื่อนคนนึงเราถือว่าสนิทมากไว้ใจทุกเรื่อง,positive
เวลาออกไปเที่ยวกับเพื่อนก็จะเฮฮาลืมเรื่องเขาไปค่ะ,positive
พอกลับมาอยู่คนเดียวกูฟุ้งซ่านคิดถึงเขาจนร้องไห้,negative
เขาชอบโพสเรื่องเศร้าเเละในสตอรี่ก็ลงเพลงที่คิดถึงเเฟนเก่า,negative
บอกว่าที่ผ่านมาเราคือแฟน,positive
แล้วยิ่งหลังๆมานี้ส่งเพลงมาให้อีก มีแต่เพลงรัก เพลงแอบชอบอีก,positive
ทำไมปากกับความรู้สึกมันสวนทางกัน,negative
ผู้หญิงที่ทำให้ผมอยากเข้าไปทำความรู้จักนั่น มักมีอะไรบางอย่างที่ดึงดูดให้ผมอยากเข้าไปทักทาย,positive
เขาคุยกันดีมากๆ,positive
เราสามารถลืมเขาได้ในความทรงจำแต่ยังไม่สามารถตัดใจ,negative
ผมตามจีบเขาทุกวัน,positive
เรายังไม่มีอะไรกันนะคะ,negative
ก็มันก็เป็นข้อดี ที่ทำให้เราทั้งคู่ได้ใช้เวลาและระยะทาง ให้คุ้มค่าเวลาเจอกันแต่ละครั้ง,positive
แฟนโมโหแล้วด่าเราต่างๆนา จากนั้นก็มีปากเสียงกันนิดหน่อย แฟนโมโหมากโยนมือถือทิ้งจนแตกกระจาย,negative
ด้วยความที่เราอยู่ด้วยความสบายใจมากซะส่วนใหญ่,positive
ไม่เที่ยวกลางคืน,positive
ไปได้ด้วยความเชื่อที่แข็งแกร่งกว่าเดิมนั่นเอง,positive
ฝึกคิดบวกกับทุกๆ สิ่ง,positive
เขาห้ามทุกๆอย่างที่เราชอบ,negative
เราก็ยังไม่อยากมองหาใครนะ,negative
เรามีเพื่อนคนนึงค่ะเป็นผู้ชายรู้จักกันมา2ปีกว่าๆ,positive
แต่พอผมถามว่าเป็นแฟนได้ยังเขาบอกว่ายังไม่ได้,negative
ไม่ค่อยพาไปกินข้าวหาเวลาอยู่ด้วย,negative
เราก็กลับมามีความสัมพันกันอีกครั้ง,positive
เขาก็ไม่รู้ว่าเราชอบตอนแรกๆ,positive
รู้จักกับเพื่อนคนนี้มา10กว่าปีแล้ว สนิทกันมาก,positive
ความรักที่ทำให้คุณจินตนาการไม่ออกว่าคุณจะเลิกรักกันได้ยังไง,positive
เราได้คุยกับพี่เขามาก็สักพักนึงแล้ว,positive
แล้วเรากับลูกไปอยู่ตรงไหน,negative
เขาทำเป็นเหมือนยังไม่ได้โทรศัพท์ไม่ทักมาหาเราเลยค่ะ,negative
หลังๆแฟนก็เริ่ม ไม่เห็นความสำคัญ ทุกอย่างมาก่อนเราเสมอ ทำอะไรไม่เคยบอก ไม่เทคแคร์แล้ว.,negative
เวลาที่เราเจออะไรเเย่ๆมาเค้าไม่เคยปลอบเราเลย,negative
เค้าเลือกที่จะบล๊อคเราทุกๆอย่าง,negative
จะทะเลาะกับแฟนเสมอ,negative
ความฝันเหล่านั้นมันกำลังจะแตกสลายไปพร้อมกับหัวใจเรา,negative
พอเขาเลิกกันเราก็ดีใจนะคะแต่ก็เสียใจไปกับเพื่อนด้วย,negative
บางทีเค้ากินเหล้านอกบ้าน เรากลัวว่าถ้าเค้าเมา เค้าจะไปมีคนอื่นมั้ย,negative
คนคิดบวกจะรู้เสมอว่า ควรทำอะไรให้คนรู้สึกดี,positive
แฟนเราหนีออกจากบ้านเพราะมีปัญหากับครอบครัว,negative
ไม่ว่าวันสำคัญ ไม่ค่อยว่างคุยทั้งที่เมื่อก่อนก็ว่างนิคะ,negative
ไม่เคยทะเลาะกันเลย,positive
เราแอบชอบมาสักพักแล้ว เราอยู่มัธยมต้น(เด็กเกินไปแหละ) เขาเป็นอาจารย์นิสิตฝึกสอน,positive
พอเราถามว่าไม่พอใจเหรอก็ไม่พูดกับเราแล้วนี้ไม่ใช่ครั้งแรก,negative
ตัวเราเองก้อรักแฟนเรามากเหมือนกัน,positive
ช่วงนี้ก็โทรคุยกันทุกวันเลยค่ะ เขาก็สัญญาว่าจะโทรคุยทุกวัน,positive
ให้เราได้รู้สึกว่าเรายังมีเค้านะ เราไม่ได้อยู่คนเดียว,positive
พูดแล้วก็เศร้าครับ ,negative
ไม่จำเป็นต้องพูดให้มันมากความ,negative
เราตั้งใจจะเลิกกับเขาเพราะเราทนไม่ได้ที่เราไร้ตัวตนแบบนี้,negative
เขาบอกว่าข้างในเขารัก ถ้ารู้ตัวเองว่าตัวเองดีแล้วก็ขอให้มั่นใจ,positive
เรากลับมาคบกับแฟนเก่าเพราะเค้าตื้อ,positive
ผมก็คุยมาเรื่อยๆจนได้คบกัน แล้วก็อยู่ด้วยกันตลอดเลย,positive
ไม่อยากใช้คำว่าสงสาร,negative
เราอึดอัดในสถานะแฟน,negative
ได้ความรู้สึกรักแบบไม่ต้องบอกรักได้ดีมาก,positive
แค้นมาก โมโหมาก แต่ทำได้แค่นั่งแค้นในใจ,negative
ควรหึงให้เป็น,negative
อยากไปไหนก็ไป,positive
เลยทำให้เราโดนเทอีกแล้ว,negative
ต้องรู้จักมองโลกในแง่ดี,positive
เค้าก็หาว่าเราทิ้งเค้าตอนสอบเข้ามหาลัย,negative
มาถึงวันนึง เขากลับบอกให้ผมมูฟออนจากเขา,negative
รักในครั้งนี้สำหรับเรา มันดีพอ,positive
เราเสียใจเค้าไม่เคยปลอบเลย,negative
แต่ผู้หญิงไม่เลิกทั้งเดือน,negative
เวลาที่เค้าทักมาเราจะดีใจทุกครั้ง,positive
โฟกัสในสิ่งที่ทำได้แล้วพยายามแก้ไขปัญหานั้น,positive
เเบบนี้คือเรียกว่าเค้าเบื่อหรืออะไรเหรอคะ,negative
พอเห็นเเบบนี้ทีไรหมดไฟตลอดเลยค่ะ,negative
มีความสัมพันธ์กัน,positive
เลิกกันไป4-5เดือน,negative
50กว่ายังมีครอบคร้วใหม่ได้,positive
เราไม่รู้สึกถึงความอบอุ่นเลย เหมือนใช้ชีวิตอยู่กันไปวันๆ,negative
ผมก็นั่งเสียใจอยู่อาทิตย์หนึ่ง,negative
การคิดบวกจะช่วยให้มองเห็นทางออกของปัญหา,positive
เค้าคนนั้นคือความสุขทั้งหมด,positive
เราเคยนอกใจเขารอบนึง,negative
ช่วงมหาลัยก็ห่างๆกันไปเพราะเพื่อนในกลุ่มเรียนที่ต่างจังหวัดเลยไม่ค่อยได้มาเจอกัน,negative
เขาสวยและน่ารักมาก ผมเลยพยายามเข้าหาบ่อยๆ,positive
เรายังรู้สึกสบายใจเวลาคุยกับเขาเหมือนเดิม,positive
ไม่มีอะไรแย่ไปกว่าการสิ้นหวัง,negative
ให้กำลังใจและให้คำปรึกษาในแง่บวกกับเขา,positive
อย่างที่เราบอกไปตอนต้น เราเป็นคนสบายๆค่ะ,positive
โอเคเราสบายใจละ,positive
คนกับมา 3-4 ปีแล้ว ผมก็ไม่อยากเลิกหรอก เพราะเค้าก็เป็นคนดี ขยัน อดทน ทำงานเก่ง,positive
เราทำอะไรผิดรึเปล่า,negative
ช่วงนี้ทะเลาะกันบ่อยมากโดยเฉพาะเรื่องเงิน,negative
เป็นวันแรกที่เจ็บปวดมากๆ ทุกอย่างมืดไปหมด,negative
ปัจจุบันก็ยังอยู่ด้วยกัน,positive
แม้ปลายทางสุดท้ายเราจะไม่ใช่คนที่อยุ่ตรงนั้น,negative
เราจะเดินต่อไปยังงัยดี,negative
ผมก็อยู่ตัวคนเดียวด้วย ไม่มีใครดูแล,negative
เราก็แค่อยากลองหาโอกาสคุยกัน พัฒนาไปเรื่อยๆ แบบเราจีบเค้าอะค่ะ เพราะเราชอบจีบก่อนอยู่แล้ว,positive
แฟนเรากับเราไม่ค่อยเข้าใจกันค่ะ,negative
เค้าเลยตัดสินใจจะมูฟออน,negative
เขาจะบอกว่าหาเรื่องทะเลาะกันอีกแล้ว,negative
จะกลับมาคบ แต่เราเองเป็นฝ่ายที่ไม่คบ,negative
ปากบอกตลอดว่าไม่มีทางกลับไปคบ,negative
เขาก็คอยส่งข้อความมาทุกวัน,positive
เราก็อยากจะเป็นคนที่ดีขึ้นเพื่อเขา,positive
เค้าดูแลเอาใจใส่ดีมาก,positive
ตัวเราเองก็ให้โอกาสนะคะ,positive
คบกับแฟนคนหนึ่งค่ะ รู้จักกันมาสักพักแล้วคือก็คุยกันเรื่องอนาคต,positive
หนูคบกับแฟนได้เกือบ3ปีแล้ว,positive
กับแฟนเก่าก็มีอะไรกันเป็นเรื่องปกติ,positive
รักตัวเอง ดูแลตัวเอง คนจะกลับก็กลับมาเอง,positive
ถึงขั้นร้องไห้เลย แบบมันไม่ไหวจริงๆแล้ว,negative
แอบคบกันในที่ทำงานแล้วบอกใครไม่ได้,negative
เราไม่โอเคที่เธอสนใจแต่แมวมากเกินไปจนไม่มีเวลาให้แฟนเลย,negative
ความรักที่ทำให้คุณยอมรับในจุดด้อยของตัวเองได้,positive
มีอีกคนหนึ่งเขามาให้รู้สึกดีเหมือนกัน,positive
เขาได้มาบอกเราทีหลังว่า boss ไม่ให้มีความสัมพันธ์กันคนไทยนะ,negative
คุยกับพวกเขายิ้มแย้มคุยได้ เป็น ชั่วโมงๆ,positive
ความรักที่ทำให้คุณเป็นตัวเองได้อย่างเต็มที่,positive
มีพี่อีกคนที่เป็นผู้หญิงเหมือนกันมาบอกผมว่า พี่คนนี้ชอบผม แล้วเขาก็ทักมาคุย,positive
เราคุยกับคนคนนึงอยู่ค่ะ,positive
จริงๆเรางี่เง่า เอาเเต่ใจ โมโหง่ายมากๆ จะว่าเป็นผู้หญิงน่าลำคานก็ได้นะคะถ้าเรื่องเเฟน เพราะเราก็เคยโดนนอกใจ,negative
พี่สาวเรากับพี่เขยเราแต่งงานกัน มีลูกแล้ว,positive
เคยบอกความรู้สึกเราแล้ว,positive
เราไม่อยากเริ่มคุยกับใครหรือเริ่มต้นใหม่กับใครเลย,negative
มีครั้งหนึ่งทะเลาะกันแรงมาก,negative
เราติดเพื่อนกันทั้งคู่,positive
เราโคตรระแวงเวลาเค้าไปกับพวกพี่ๆ พวกนี้,negative
แล้วเขาเริ่มที่จะเข้ามาหาเรา,positive
วันนั้นคือเค้าไม่กลับบ้าน,negative
เรากับแฟนคบกันมา3ปี เป็นรักระยะไกล ผมจะไปหาเขาทุกวันหยุดยาว,positive
ฝึกตัวเองให้คิดบวก เรื่องดีๆจะเข้ามาทุกวัน,positive
อันนี้เขาไม่ได้เศร้าอะไรที่เกี่ยวกับเราใช่มั้ยคะ,negative
จนวันสอบวันสุดท้ายเค้ามาบอกกับเราว่าเลิกคุยกันเถอะ,negative
ความจริงนั้น คนคิดบวกคือคนที่ยังมองทุกอย่างในแบบที่มันเป็น,positive
เราก็ยังรู้สึกคิดถึงเขาเเละคิดถึงช่วงเวลาตอนนั้นที่มีเขาอยู่ด้วย,positive
ผมเคยอกหักหลายครั้งมาก เสียเงินและเสียใจกับความรักนับครั้งไม่ถ้วน,negative
เราระแวงไปหมด ควรทำยังไงดีค่ะ,negative
ตอนที่เคยคบกับแฟนเก่าคนนึง ตอนนั้นมันดีมากๆค่ะ,positive
เราเจอคนที่พอดี สำหรับกันและกันค่ะ,positive
กะว่าจะขอวิธีบอกเลิกที่ไม่เจ็บมากหน่อย,negative
วนมาคุยกันใหม่ตลอดจนตอนนี้เราได้คุยกันแบบเหมือนคนรักเลยเหมือนแฟนเลย,positive
เริ่มไม่ไหวกับพฤติกรรมของแฟนแล้ว,negative
เดินไปก็ยิ้ม ทำอะไรก็ยิ้ม,positive
ดิฉันอยู่กินกันแฟนใหม่มา2ปี มีลูกติด1คนแฟนใหม่ช่วยเลี้ยงดู ส่งเสียให้เรียนหนังสือค่าขนมค่านมค่าหมอทุกอย่างแฟนเป็นจ่ายให้,positive
การออกกำลังกายทำให้ร่างกาย ช่วยลดความเครียด,positive
ให้กำลังใจ,positive
เราจะคุยกับใครแล้วที่เค้าคิดเหมือนเรา หลายๆคนก็ชอบให้ความหวัง,positive
เราบอกเขาว่าเราอยากอยู่คนเดียว เขาก็บอกเราว่าถ้าไม่ทะเลาะกันก็ไม่มีอะไร มันทำให้เรายิ่งรู้สึกแย่,negative
คุยกันทุกวัน โทรหากันตลอด,positive
ขอคำบอกรักแฟนสั้นๆซึ้งๆหน่อยค่ะ,positive
จะมีคำพูดหวานๆ การดูแลกันที่ดีขึ้น,positive
เวลาได้เรียนด้วยรู้สึกมีกำลังใจ,positive
เเต่สุดท้ายเค้าก็เป็นเหมือนเดิมเลยค่ะ,negative
เขาก็ยังทำแบบเดิมทุกที,negative
พอมาเจอน้องคนนี้แล้วทำไม ผมจึงชอบน้องเขามากขนาดนี้ก็ไม่รู้,positive
แค่คิดว่าเค้าน่ารักดี,positive
ทำในสิ่งที่ต้องทำให้ดีที่สุดเสมอ,positive
